<?xml version="1.0" encoding="UTF-8"?>
<export version="E">
  <design>
    <source>C:\Users\NODOO\Desktop\Surfside Science\circuits\Surfside science\Surfside science_pcb_order.kicad_sch</source>
    <date>8/21/2022 6:49:24 PM</date>
    <tool>Eeschema (6.0.5)</tool>
    <sheet number="1" name="/" tstamps="/">
      <title_block>
        <title>WATER QUALITY MONITOR V1.0</title>
        <company/>
        <rev>1</rev>
        <date>8/21/2022</date>
        <source>Surfside science_pcb_order.kicad_sch</source>
        <comment number="1" value=""/>
        <comment number="2" value=""/>
        <comment number="3" value=""/>
        <comment number="4" value=""/>
        <comment number="5" value=""/>
        <comment number="6" value=""/>
        <comment number="7" value=""/>
        <comment number="8" value=""/>
        <comment number="9" value=""/>
      </title_block>
    </sheet>
  </design>
  <components>
    <comp ref="C1">
      <value>100u</value>
      <footprint>Capacitor_THT:CP_Radial_D5.0mm_P2.50mm</footprint>
      <libsource lib="Device" part="C_Polarized" description="Polarized capacitor"/>
      <property name="Sheetname" value=""/>
      <property name="Sheetfile" value="Surfside science_pcb_order.kicad_sch"/>
      <sheetpath names="/" tstamps="/"/>
      <tstamps>a56752e7-e2c0-4c17-b9a3-d71bf0d94bd0</tstamps>
    </comp>
    <comp ref="C2">
      <value>100u</value>
      <footprint>Capacitor_THT:CP_Radial_D5.0mm_P2.50mm</footprint>
      <libsource lib="Device" part="C_Polarized" description="Polarized capacitor"/>
      <property name="Sheetname" value=""/>
      <property name="Sheetfile" value="Surfside science_pcb_order.kicad_sch"/>
      <sheetpath names="/" tstamps="/"/>
      <tstamps>aee18821-2c7d-474b-9c06-718913e9fa96</tstamps>
    </comp>
    <comp ref="D1">
      <value>LED</value>
      <libsource lib="Device" part="LED" description="Light emitting diode"/>
      <property name="Sheetname" value=""/>
      <property name="Sheetfile" value="Surfside science_pcb_order.kicad_sch"/>
      <sheetpath names="/" tstamps="/"/>
      <tstamps>81133018-8825-40f4-91fb-9d7cca1c7a79</tstamps>
    </comp>
    <comp ref="J1">
      <value>temperature</value>
      <footprint>Connector_JST:JST_XH_B2B-XH-A_1x02_P2.50mm_Vertical</footprint>
      <libsource lib="Connector" part="Conn_01x02_Male" description="Generic connector, single row, 01x02, script generated (kicad-library-utils/schlib/autogen/connector/)"/>
      <property name="Sheetname" value=""/>
      <property name="Sheetfile" value="Surfside science_pcb_order.kicad_sch"/>
      <sheetpath names="/" tstamps="/"/>
      <tstamps>223dffd4-ac02-4467-ba3b-f969a33f8e31</tstamps>
    </comp>
    <comp ref="J2">
      <value>PH</value>
      <footprint>Connector_JST:JST_XH_B2B-XH-A_1x02_P2.50mm_Vertical</footprint>
      <libsource lib="Connector" part="Conn_01x02_Male" description="Generic connector, single row, 01x02, script generated (kicad-library-utils/schlib/autogen/connector/)"/>
      <property name="Sheetname" value=""/>
      <property name="Sheetfile" value="Surfside science_pcb_order.kicad_sch"/>
      <sheetpath names="/" tstamps="/"/>
      <tstamps>e5a3d9a3-ceaa-4d04-8679-a1912a42e2fb</tstamps>
    </comp>
    <comp ref="J3">
      <value>conductivity</value>
      <footprint>Connector_JST:JST_XH_B2B-XH-A_1x02_P2.50mm_Vertical</footprint>
      <libsource lib="Connector" part="Conn_01x02_Male" description="Generic connector, single row, 01x02, script generated (kicad-library-utils/schlib/autogen/connector/)"/>
      <property name="Sheetname" value=""/>
      <property name="Sheetfile" value="Surfside science_pcb_order.kicad_sch"/>
      <sheetpath names="/" tstamps="/"/>
      <tstamps>62d29dd0-fd2c-4097-a572-55bef193d5ed</tstamps>
    </comp>
    <comp ref="J4">
      <value>oxygen</value>
      <footprint>Connector_JST:JST_XH_B2B-XH-A_1x02_P2.50mm_Vertical</footprint>
      <libsource lib="Connector" part="Conn_01x02_Male" description="Generic connector, single row, 01x02, script generated (kicad-library-utils/schlib/autogen/connector/)"/>
      <property name="Sheetname" value=""/>
      <property name="Sheetfile" value="Surfside science_pcb_order.kicad_sch"/>
      <sheetpath names="/" tstamps="/"/>
      <tstamps>0555fa2d-8bff-43dc-a099-064011e3e113</tstamps>
    </comp>
    <comp ref="J5">
      <value>5V solar cell</value>
      <footprint>Connector_JST:JST_XH_B2B-XH-A_1x02_P2.50mm_Vertical</footprint>
      <libsource lib="Connector" part="Conn_01x02_Male" description="Generic connector, single row, 01x02, script generated (kicad-library-utils/schlib/autogen/connector/)"/>
      <property name="Sheetname" value=""/>
      <property name="Sheetfile" value="Surfside science_pcb_order.kicad_sch"/>
      <sheetpath names="/" tstamps="/"/>
      <tstamps>56297ce7-a546-4ea7-9a30-37860645e2c2</tstamps>
    </comp>
    <comp ref="J6">
      <value>5V solar cell</value>
      <footprint>Connector_JST:JST_XH_B2B-XH-A_1x02_P2.50mm_Vertical</footprint>
      <libsource lib="Connector" part="Conn_01x02_Male" description="Generic connector, single row, 01x02, script generated (kicad-library-utils/schlib/autogen/connector/)"/>
      <property name="Sheetname" value=""/>
      <property name="Sheetfile" value="Surfside science_pcb_order.kicad_sch"/>
      <sheetpath names="/" tstamps="/"/>
      <tstamps>b9e30316-5bbb-4671-b56d-c6141c2371db</tstamps>
    </comp>
    <comp ref="J7">
      <value>solar out</value>
      <footprint>Connector_JST:JST_XH_B2B-XH-A_1x02_P2.50mm_Vertical</footprint>
      <libsource lib="Connector" part="Conn_01x02_Male" description="Generic connector, single row, 01x02, script generated (kicad-library-utils/schlib/autogen/connector/)"/>
      <property name="Sheetname" value=""/>
      <property name="Sheetfile" value="Surfside science_pcb_order.kicad_sch"/>
      <sheetpath names="/" tstamps="/"/>
      <tstamps>28221202-e999-4a14-a71d-c425fc73e6eb</tstamps>
    </comp>
    <comp ref="J8">
      <value> </value>
      <footprint>Connector_PinHeader_2.54mm:PinHeader_1x06_P2.54mm_Vertical</footprint>
      <libsource lib="Connector" part="Conn_01x06_Male" description="Generic connector, single row, 01x06, script generated (kicad-library-utils/schlib/autogen/connector/)"/>
      <property name="Sheetname" value=""/>
      <property name="Sheetfile" value="Surfside science_pcb_order.kicad_sch"/>
      <sheetpath names="/" tstamps="/"/>
      <tstamps>e15b6013-595f-46e4-9d7e-4ace226a5511</tstamps>
    </comp>
    <comp ref="J9">
      <value> </value>
      <footprint>Connector_PinHeader_2.54mm:PinHeader_1x04_P2.54mm_Vertical</footprint>
      <libsource lib="Connector" part="Conn_01x04_Male" description="Generic connector, single row, 01x04, script generated (kicad-library-utils/schlib/autogen/connector/)"/>
      <property name="Sheetname" value=""/>
      <property name="Sheetfile" value="Surfside science_pcb_order.kicad_sch"/>
      <sheetpath names="/" tstamps="/"/>
      <tstamps>c02f5413-af40-442a-b236-61d9ff8e6727</tstamps>
    </comp>
    <comp ref="Q3">
      <value>IRLB8721</value>
      <footprint>Package_TO_SOT_THT:TO-92L_Inline_Wide</footprint>
      <datasheet>https://www.vishay.com/docs/70226/70226.pdf</datasheet>
      <libsource lib="Transistor_FET" part="2N7000" description="0.2A Id, 200V Vds, N-Channel MOSFET, 2.6V Logic Level, TO-92"/>
      <property name="Sheetname" value=""/>
      <property name="Sheetfile" value="Surfside science_pcb_order.kicad_sch"/>
      <sheetpath names="/" tstamps="/"/>
      <tstamps>1c68d87a-2988-4bf1-be13-0d5f64b2d493</tstamps>
    </comp>
    <comp ref="R1">
      <value>1K</value>
      <footprint>Resistor_THT:R_Axial_DIN0204_L3.6mm_D1.6mm_P7.62mm_Horizontal</footprint>
      <libsource lib="Device" part="R" description="Resistor"/>
      <property name="Sheetname" value=""/>
      <property name="Sheetfile" value="Surfside science_pcb_order.kicad_sch"/>
      <sheetpath names="/" tstamps="/"/>
      <tstamps>4d3adbc8-0a53-4f9a-a4e8-1d1c638cb47c</tstamps>
    </comp>
    <comp ref="R2">
      <value>10k</value>
      <footprint>Resistor_THT:R_Axial_DIN0204_L3.6mm_D1.6mm_P7.62mm_Horizontal</footprint>
      <libsource lib="Device" part="R" description="Resistor"/>
      <property name="Sheetname" value=""/>
      <property name="Sheetfile" value="Surfside science_pcb_order.kicad_sch"/>
      <sheetpath names="/" tstamps="/"/>
      <tstamps>5ed8f6ba-93f4-44b9-b70f-516a4e3190d7</tstamps>
    </comp>
    <comp ref="R3">
      <value>10k</value>
      <footprint>Resistor_THT:R_Axial_DIN0204_L3.6mm_D1.6mm_P7.62mm_Horizontal</footprint>
      <libsource lib="Device" part="R" description="Resistor"/>
      <property name="Sheetname" value=""/>
      <property name="Sheetfile" value="Surfside science_pcb_order.kicad_sch"/>
      <sheetpath names="/" tstamps="/"/>
      <tstamps>26c38ea7-8499-48b3-8546-eb0204b9f066</tstamps>
    </comp>
    <comp ref="R4">
      <value>1K</value>
      <footprint>Resistor_THT:R_Axial_DIN0204_L3.6mm_D1.6mm_P7.62mm_Horizontal</footprint>
      <libsource lib="Device" part="R" description="Resistor"/>
      <property name="Sheetname" value=""/>
      <property name="Sheetfile" value="Surfside science_pcb_order.kicad_sch"/>
      <sheetpath names="/" tstamps="/"/>
      <tstamps>23dd73ef-5c87-4628-9616-dedd9153d750</tstamps>
    </comp>
    <comp ref="R5">
      <value>1K</value>
      <footprint>Resistor_THT:R_Axial_DIN0204_L3.6mm_D1.6mm_P7.62mm_Horizontal</footprint>
      <libsource lib="Device" part="R" description="Resistor"/>
      <property name="Sheetname" value=""/>
      <property name="Sheetfile" value="Surfside science_pcb_order.kicad_sch"/>
      <sheetpath names="/" tstamps="/"/>
      <tstamps>58a65945-5f81-4ab7-8c84-4da2877ac917</tstamps>
    </comp>
    <comp ref="U1">
      <value>Conductivity_Sensor</value>
      <footprint>Surfside Science:Atlas Scientific Sensor module</footprint>
      <libsource lib="Surfside Science" part="Conductivity_Sensor" description=""/>
      <property name="Sheetname" value=""/>
      <property name="Sheetfile" value="Surfside science_pcb_order.kicad_sch"/>
      <sheetpath names="/" tstamps="/"/>
      <tstamps>08a3a710-2ac0-4a78-add2-24e4198de8da</tstamps>
    </comp>
    <comp ref="U2">
      <value>Temperature_sensor</value>
      <footprint>Surfside Science:atlas scientific temperature module</footprint>
      <libsource lib="Surfside Science" part="Temperature_sensor" description=""/>
      <property name="Sheetname" value=""/>
      <property name="Sheetfile" value="Surfside science_pcb_order.kicad_sch"/>
      <sheetpath names="/" tstamps="/"/>
      <tstamps>f0a079b7-5fb0-4b00-a2c9-9adf9f276d48</tstamps>
    </comp>
    <comp ref="U3">
      <value>Ph_Sensor</value>
      <footprint>Surfside Science:Atlas scientific PH module</footprint>
      <libsource lib="Surfside Science" part="Ph_Sensor" description=""/>
      <property name="Sheetname" value=""/>
      <property name="Sheetfile" value="Surfside science_pcb_order.kicad_sch"/>
      <sheetpath names="/" tstamps="/"/>
      <tstamps>a0c9ec3f-3339-4bdc-b666-dd5683841941</tstamps>
    </comp>
    <comp ref="U4">
      <value>Dissolved_Oxygen_Sensor</value>
      <footprint>Surfside Science:Atlas scientific dissolved oxygen module</footprint>
      <libsource lib="Surfside Science" part="Dissolved_Oxygen_Sensor" description=""/>
      <property name="Sheetname" value=""/>
      <property name="Sheetfile" value="Surfside science_pcb_order.kicad_sch"/>
      <sheetpath names="/" tstamps="/"/>
      <tstamps>5535c07a-504e-4f2d-a25d-c165ac619312</tstamps>
    </comp>
    <comp ref="U5">
      <value>lilygo-ttgo-t-sim7000g-esp32-wrover</value>
      <footprint>Surfside Science:ilygo-ttgo-t-sim7000g-esp32-wrover</footprint>
      <libsource lib="" part="lilygo-ttgo-t-sim7000g-esp32-wrover_1" description=""/>
      <property name="Sheetname" value=""/>
      <property name="Sheetfile" value="Surfside science_pcb_order.kicad_sch"/>
      <sheetpath names="/" tstamps="/"/>
      <tstamps>581c2e31-b036-4f97-897e-7ff82a46542e</tstamps>
    </comp>
    <comp ref="U6">
      <value>POWER_ISOLATOR</value>
      <footprint>Surfside Science:power isolator</footprint>
      <libsource lib="Surfside Science" part="POWER_ISOLATOR" description=""/>
      <property name="Sheetname" value=""/>
      <property name="Sheetfile" value="Surfside science_pcb_order.kicad_sch"/>
      <sheetpath names="/" tstamps="/"/>
      <tstamps>8cb26d34-0b8d-4711-ba35-023f19618350</tstamps>
    </comp>
    <comp ref="U7">
      <value>POWER_ISOLATOR</value>
      <footprint>Surfside Science:power isolator</footprint>
      <libsource lib="Surfside Science" part="POWER_ISOLATOR" description=""/>
      <property name="Sheetname" value=""/>
      <property name="Sheetfile" value="Surfside science_pcb_order.kicad_sch"/>
      <sheetpath names="/" tstamps="/"/>
      <tstamps>e77906a7-f1b2-492d-8f2c-d129d0ff98ca</tstamps>
    </comp>
  </components>
  <libparts>
    <libpart lib="" part="lilygo-ttgo-t-sim7000g-esp32-wrover_1">
      <fields>
        <field name="Reference">U</field>
        <field name="Value">lilygo-ttgo-t-sim7000g-esp32-wrover_1</field>
      </fields>
      <pins>
        <pin num="0" name="0" type="input"/>
        <pin num="01" name="TXD" type="input"/>
        <pin num="02" name="02" type="input"/>
        <pin num="03" name="RXD" type="input"/>
        <pin num="3V3" name="3V3" type="input"/>
        <pin num="04" name="04" type="input"/>
        <pin num="05" name="SPI__SS" type="input"/>
        <pin num="12" name="12" type="input"/>
        <pin num="13" name="13" type="input"/>
        <pin num="14" name="14" type="input"/>
        <pin num="15" name="15" type="input"/>
        <pin num="18" name="SPI_SCK" type="input"/>
        <pin num="19" name="SPI_MISO" type="input"/>
        <pin num="21" name="I2C_SDA" type="input"/>
        <pin num="22" name="I2C_SCL" type="input"/>
        <pin num="23" name="SPI_MOSI" type="input"/>
        <pin num="25" name="25" type="input"/>
        <pin num="26" name="26" type="input"/>
        <pin num="27" name="27" type="input"/>
        <pin num="32" name="32" type="input"/>
        <pin num="33" name="33" type="input"/>
        <pin num="34" name="34" type="input"/>
        <pin num="35" name="35" type="input"/>
        <pin num="36" name="36" type="input"/>
        <pin num="39" name="39" type="input"/>
        <pin num="GND" name="GND" type="input"/>
        <pin num="RST" name="RST" type="input"/>
        <pin num="SOLAR" name="SOLAR" type="input"/>
        <pin num="VBAT" name="VBAT" type="input"/>
        <pin num="VIN" name="VIN" type="input"/>
      </pins>
    </libpart>
    <libpart lib="Connector" part="Conn_01x02_Male">
      <description>Generic connector, single row, 01x02, script generated (kicad-library-utils/schlib/autogen/connector/)</description>
      <docs>~</docs>
      <footprints>
        <fp>Connector*:*_1x??_*</fp>
      </footprints>
      <fields>
        <field name="Reference">J</field>
        <field name="Value">Conn_01x02_Male</field>
        <field name="Datasheet">~</field>
      </fields>
      <pins>
        <pin num="1" name="Pin_1" type="passive"/>
        <pin num="2" name="Pin_2" type="passive"/>
      </pins>
    </libpart>
    <libpart lib="Connector" part="Conn_01x04_Male">
      <description>Generic connector, single row, 01x04, script generated (kicad-library-utils/schlib/autogen/connector/)</description>
      <docs>~</docs>
      <footprints>
        <fp>Connector*:*_1x??_*</fp>
      </footprints>
      <fields>
        <field name="Reference">J</field>
        <field name="Value">Conn_01x04_Male</field>
        <field name="Datasheet">~</field>
      </fields>
      <pins>
        <pin num="1" name="Pin_1" type="passive"/>
        <pin num="2" name="Pin_2" type="passive"/>
        <pin num="3" name="Pin_3" type="passive"/>
        <pin num="4" name="Pin_4" type="passive"/>
      </pins>
    </libpart>
    <libpart lib="Connector" part="Conn_01x06_Male">
      <description>Generic connector, single row, 01x06, script generated (kicad-library-utils/schlib/autogen/connector/)</description>
      <docs>~</docs>
      <footprints>
        <fp>Connector*:*_1x??_*</fp>
      </footprints>
      <fields>
        <field name="Reference">J</field>
        <field name="Value">Conn_01x06_Male</field>
        <field name="Datasheet">~</field>
      </fields>
      <pins>
        <pin num="1" name="Pin_1" type="passive"/>
        <pin num="2" name="Pin_2" type="passive"/>
        <pin num="3" name="Pin_3" type="passive"/>
        <pin num="4" name="Pin_4" type="passive"/>
        <pin num="5" name="Pin_5" type="passive"/>
        <pin num="6" name="Pin_6" type="passive"/>
      </pins>
    </libpart>
    <libpart lib="Device" part="C_Polarized">
      <description>Polarized capacitor</description>
      <docs>~</docs>
      <footprints>
        <fp>CP_*</fp>
      </footprints>
      <fields>
        <field name="Reference">C</field>
        <field name="Value">C_Polarized</field>
        <field name="Datasheet">~</field>
      </fields>
      <pins>
        <pin num="1" name="" type="passive"/>
        <pin num="2" name="" type="passive"/>
      </pins>
    </libpart>
    <libpart lib="Device" part="LED">
      <description>Light emitting diode</description>
      <docs>~</docs>
      <footprints>
        <fp>LED*</fp>
        <fp>LED_SMD:*</fp>
        <fp>LED_THT:*</fp>
      </footprints>
      <fields>
        <field name="Reference">D</field>
        <field name="Value">LED</field>
        <field name="Datasheet">~</field>
      </fields>
      <pins>
        <pin num="1" name="K" type="passive"/>
        <pin num="2" name="A" type="passive"/>
      </pins>
    </libpart>
    <libpart lib="Device" part="R">
      <description>Resistor</description>
      <docs>~</docs>
      <footprints>
        <fp>R_*</fp>
      </footprints>
      <fields>
        <field name="Reference">R</field>
        <field name="Value">R</field>
        <field name="Datasheet">~</field>
      </fields>
      <pins>
        <pin num="1" name="" type="passive"/>
        <pin num="2" name="" type="passive"/>
      </pins>
    </libpart>
    <libpart lib="Surfside Science" part="Conductivity_Sensor">
      <fields>
        <field name="Reference">U</field>
        <field name="Value">Conductivity_Sensor</field>
      </fields>
      <pins>
        <pin num="1" name="GND" type="input"/>
        <pin num="2" name="SDA" type="input"/>
        <pin num="3" name="SCL" type="input"/>
        <pin num="4" name="Vcc" type="input"/>
        <pin num="5" name="PRB" type="input"/>
        <pin num="6" name="PGND" type="input"/>
      </pins>
    </libpart>
    <libpart lib="Surfside Science" part="Dissolved_Oxygen_Sensor">
      <fields>
        <field name="Reference">U</field>
        <field name="Value">Dissolved_Oxygen_Sensor</field>
      </fields>
      <pins>
        <pin num="1" name="GND" type="input"/>
        <pin num="2" name="SDA" type="input"/>
        <pin num="3" name="SCL" type="input"/>
        <pin num="4" name="Vcc" type="input"/>
        <pin num="5" name="PRB" type="input"/>
        <pin num="6" name="PGND" type="input"/>
      </pins>
    </libpart>
    <libpart lib="Surfside Science" part="POWER_ISOLATOR">
      <fields>
        <field name="Reference">U</field>
        <field name="Value">POWER_ISOLATOR</field>
      </fields>
      <pins>
        <pin num="1" name="VCC" type="input"/>
        <pin num="2" name="EN" type="input"/>
        <pin num="3" name="GND" type="input"/>
        <pin num="4" name="A" type="input"/>
        <pin num="5" name="B" type="input"/>
        <pin num="6" name="VCC^" type="input"/>
        <pin num="7" name="NC" type="input"/>
        <pin num="8" name="GND" type="input"/>
        <pin num="9" name="A^" type="input"/>
        <pin num="10" name="B^" type="input"/>
      </pins>
    </libpart>
    <libpart lib="Surfside Science" part="Ph_Sensor">
      <fields>
        <field name="Reference">U</field>
        <field name="Value">Ph_Sensor</field>
      </fields>
      <pins>
        <pin num="1" name="GND" type="input"/>
        <pin num="2" name="SDA" type="input"/>
        <pin num="3" name="SCL" type="input"/>
        <pin num="4" name="Vcc" type="input"/>
        <pin num="5" name="PRB" type="input"/>
        <pin num="6" name="PGND" type="input"/>
      </pins>
    </libpart>
    <libpart lib="Surfside Science" part="Temperature_sensor">
      <fields>
        <field name="Reference">U</field>
        <field name="Value">Temperature_sensor</field>
      </fields>
      <pins>
        <pin num="1" name="GND" type="input"/>
        <pin num="2" name="SDA" type="input"/>
        <pin num="3" name="SCL" type="input"/>
        <pin num="4" name="Vcc" type="input"/>
        <pin num="5" name="PRB" type="input"/>
        <pin num="6" name="PGND" type="input"/>
      </pins>
    </libpart>
    <libpart lib="Transistor_FET" part="2N7000">
      <description>0.2A Id, 200V Vds, N-Channel MOSFET, 2.6V Logic Level, TO-92</description>
      <docs>https://www.vishay.com/docs/70226/70226.pdf</docs>
      <footprints>
        <fp>TO?92*</fp>
      </footprints>
      <fields>
        <field name="Reference">Q</field>
        <field name="Value">2N7000</field>
        <field name="Footprint">Package_TO_SOT_THT:TO-92_Inline</field>
        <field name="Datasheet">https://www.vishay.com/docs/70226/70226.pdf</field>
      </fields>
      <pins>
        <pin num="1" name="S" type="passive"/>
        <pin num="2" name="G" type="input"/>
        <pin num="3" name="D" type="passive"/>
      </pins>
    </libpart>
  </libparts>
  <libraries>
    <library logical="Connector">
      <uri>C:\Program Files\KiCad\6.0\share\kicad\symbols\/Connector.kicad_sym</uri>
    </library>
    <library logical="Device">
      <uri>C:\Program Files\KiCad\6.0\share\kicad\symbols\/Device.kicad_sym</uri>
    </library>
    <library logical="Surfside Science">
      <uri>C:\Users\NODOO\Desktop\Surfside Science\circuits\Surfside science/footprints/Surfside Science/Surfside Science.kicad_sym</uri>
    </library>
    <library logical="Transistor_FET">
      <uri>C:\Program Files\KiCad\6.0\share\kicad\symbols\/Transistor_FET.kicad_sym</uri>
    </library>
  </libraries>
  <nets>
    <net code="1" name="3V3">
      <node ref="C1" pin="1" pintype="passive"/>
      <node ref="J8" pin="5" pinfunction="Pin_5" pintype="passive"/>
      <node ref="J9" pin="4" pinfunction="Pin_4" pintype="passive"/>
      <node ref="U2" pin="4" pinfunction="Vcc" pintype="input"/>
      <node ref="U3" pin="4" pinfunction="Vcc" pintype="input"/>
      <node ref="U5" pin="3V3" pinfunction="3V3" pintype="input"/>
      <node ref="U6" pin="1" pinfunction="VCC" pintype="input"/>
      <node ref="U6" pin="2" pinfunction="EN" pintype="input"/>
      <node ref="U7" pin="1" pinfunction="VCC" pintype="input"/>
      <node ref="U7" pin="2" pinfunction="EN" pintype="input"/>
    </net>
    <net code="2" name="GND">
      <node ref="C1" pin="2" pintype="passive"/>
      <node ref="C2" pin="2" pintype="passive"/>
      <node ref="J5" pin="2" pinfunction="Pin_2" pintype="passive"/>
      <node ref="J6" pin="2" pinfunction="Pin_2" pintype="passive"/>
      <node ref="J7" pin="2" pinfunction="Pin_2" pintype="passive"/>
      <node ref="Q3" pin="1" pinfunction="S" pintype="passive"/>
      <node ref="R4" pin="2" pintype="passive"/>
      <node ref="R5" pin="2" pintype="passive"/>
      <node ref="U5" pin="GND" pinfunction="GND" pintype="input"/>
    </net>
    <net code="3" name="GND_2">
      <node ref="U4" pin="1" pinfunction="GND" pintype="input"/>
      <node ref="U7" pin="8" pinfunction="GND" pintype="input"/>
    </net>
    <net code="4" name="GND_3">
      <node ref="U1" pin="1" pinfunction="GND" pintype="input"/>
      <node ref="U6" pin="8" pinfunction="GND" pintype="input"/>
    </net>
    <net code="5" name="Net-(D1-Pad1)">
      <node ref="D1" pin="1" pinfunction="K" pintype="passive"/>
      <node ref="R5" pin="1" pintype="passive"/>
    </net>
    <net code="6" name="Net-(J1-Pad1)">
      <node ref="J1" pin="1" pinfunction="Pin_1" pintype="passive"/>
      <node ref="U2" pin="6" pinfunction="PGND" pintype="input"/>
    </net>
    <net code="7" name="Net-(J1-Pad2)">
      <node ref="J1" pin="2" pinfunction="Pin_2" pintype="passive"/>
      <node ref="U2" pin="5" pinfunction="PRB" pintype="input"/>
    </net>
    <net code="8" name="Net-(Q3-Pad2)">
      <node ref="Q3" pin="2" pinfunction="G" pintype="input"/>
      <node ref="R1" pin="2" pintype="passive"/>
      <node ref="R4" pin="1" pintype="passive"/>
    </net>
    <net code="9" name="Net-(R2-Pad2)">
      <node ref="R2" pin="2" pintype="passive"/>
      <node ref="U5" pin="22" pinfunction="I2C_SCL" pintype="input"/>
    </net>
    <net code="10" name="Net-(R3-Pad2)">
      <node ref="R3" pin="2" pintype="passive"/>
      <node ref="U5" pin="21" pinfunction="I2C_SDA" pintype="input"/>
    </net>
    <net code="11" name="Net-(U1-Pad5)">
      <node ref="J3" pin="2" pinfunction="Pin_2" pintype="passive"/>
      <node ref="U1" pin="5" pinfunction="PRB" pintype="input"/>
    </net>
    <net code="12" name="Net-(U1-Pad6)">
      <node ref="J3" pin="1" pinfunction="Pin_1" pintype="passive"/>
      <node ref="U1" pin="6" pinfunction="PGND" pintype="input"/>
    </net>
    <net code="13" name="Net-(U3-Pad5)">
      <node ref="J2" pin="2" pinfunction="Pin_2" pintype="passive"/>
      <node ref="U3" pin="5" pinfunction="PRB" pintype="input"/>
    </net>
    <net code="14" name="Net-(U3-Pad6)">
      <node ref="J2" pin="1" pinfunction="Pin_1" pintype="passive"/>
      <node ref="U3" pin="6" pinfunction="PGND" pintype="input"/>
    </net>
    <net code="15" name="Net-(U4-Pad5)">
      <node ref="J4" pin="2" pinfunction="Pin_2" pintype="passive"/>
      <node ref="U4" pin="5" pinfunction="PRB" pintype="input"/>
    </net>
    <net code="16" name="Net-(U4-Pad6)">
      <node ref="J4" pin="1" pinfunction="Pin_1" pintype="passive"/>
      <node ref="U4" pin="6" pinfunction="PGND" pintype="input"/>
    </net>
    <net code="17" name="SCL">
      <node ref="J9" pin="1" pinfunction="Pin_1" pintype="passive"/>
      <node ref="R2" pin="1" pintype="passive"/>
      <node ref="U2" pin="3" pinfunction="SCL" pintype="input"/>
      <node ref="U3" pin="3" pinfunction="SCL" pintype="input"/>
      <node ref="U6" pin="5" pinfunction="B" pintype="input"/>
      <node ref="U7" pin="5" pinfunction="B" pintype="input"/>
    </net>
    <net code="18" name="SCL_2">
      <node ref="U4" pin="3" pinfunction="SCL" pintype="input"/>
      <node ref="U7" pin="10" pinfunction="B^" pintype="input"/>
    </net>
    <net code="19" name="SCL_3">
      <node ref="U1" pin="3" pinfunction="SCL" pintype="input"/>
      <node ref="U6" pin="10" pinfunction="B^" pintype="input"/>
    </net>
    <net code="20" name="SDA">
      <node ref="J9" pin="2" pinfunction="Pin_2" pintype="passive"/>
      <node ref="R3" pin="1" pintype="passive"/>
      <node ref="U2" pin="2" pinfunction="SDA" pintype="input"/>
      <node ref="U3" pin="2" pinfunction="SDA" pintype="input"/>
      <node ref="U6" pin="4" pinfunction="A" pintype="input"/>
      <node ref="U7" pin="4" pinfunction="A" pintype="input"/>
    </net>
    <net code="21" name="SDA_2">
      <node ref="U4" pin="2" pinfunction="SDA" pintype="input"/>
      <node ref="U7" pin="9" pinfunction="A^" pintype="input"/>
    </net>
    <net code="22" name="SDA_3">
      <node ref="U1" pin="2" pinfunction="SDA" pintype="input"/>
      <node ref="U6" pin="9" pinfunction="A^" pintype="input"/>
    </net>
    <net code="23" name="SOLAR">
      <node ref="C2" pin="1" pintype="passive"/>
      <node ref="J5" pin="1" pinfunction="Pin_1" pintype="passive"/>
      <node ref="J6" pin="1" pinfunction="Pin_1" pintype="passive"/>
      <node ref="J7" pin="1" pinfunction="Pin_1" pintype="passive"/>
      <node ref="U5" pin="SOLAR" pinfunction="SOLAR" pintype="input"/>
    </net>
    <net code="24" name="SPI_MISO">
      <node ref="J8" pin="2" pinfunction="Pin_2" pintype="passive"/>
      <node ref="U5" pin="19" pinfunction="SPI_MISO" pintype="input"/>
    </net>
    <net code="25" name="SPI_MOSI">
      <node ref="J8" pin="1" pinfunction="Pin_1" pintype="passive"/>
      <node ref="U5" pin="23" pinfunction="SPI_MOSI" pintype="input"/>
    </net>
    <net code="26" name="SPI_SCK">
      <node ref="J8" pin="3" pinfunction="Pin_3" pintype="passive"/>
      <node ref="U5" pin="18" pinfunction="SPI_SCK" pintype="input"/>
    </net>
    <net code="27" name="SPI_SS">
      <node ref="J8" pin="4" pinfunction="Pin_4" pintype="passive"/>
      <node ref="U5" pin="05" pinfunction="SPI__SS" pintype="input"/>
    </net>
    <net code="28" name="STATUS_LED">
      <node ref="D1" pin="2" pinfunction="A" pintype="passive"/>
      <node ref="U5" pin="32" pinfunction="32" pintype="input"/>
    </net>
    <net code="29" name="VCC_2">
      <node ref="U4" pin="4" pinfunction="Vcc" pintype="input"/>
      <node ref="U7" pin="6" pinfunction="VCC^" pintype="input"/>
    </net>
    <net code="30" name="VCC_3">
      <node ref="U1" pin="4" pinfunction="Vcc" pintype="input"/>
      <node ref="U6" pin="6" pinfunction="VCC^" pintype="input"/>
    </net>
    <net code="31" name="VDD">
      <node ref="J8" pin="6" pinfunction="Pin_6" pintype="passive"/>
      <node ref="J9" pin="3" pinfunction="Pin_3" pintype="passive"/>
      <node ref="Q3" pin="3" pinfunction="D" pintype="passive"/>
      <node ref="U2" pin="1" pinfunction="GND" pintype="input"/>
      <node ref="U3" pin="1" pinfunction="GND" pintype="input"/>
      <node ref="U6" pin="3" pinfunction="GND" pintype="input"/>
      <node ref="U7" pin="3" pinfunction="GND" pintype="input"/>
    </net>
    <net code="32" name="VDD_EN">
      <node ref="R1" pin="1" pintype="passive"/>
      <node ref="U5" pin="13" pinfunction="13" pintype="input"/>
    </net>
    <net code="33" name="unconnected-(U5-Pad0)">
      <node ref="U5" pin="0" pinfunction="0" pintype="input"/>
    </net>
    <net code="34" name="unconnected-(U5-Pad01)">
      <node ref="U5" pin="01" pinfunction="TXD" pintype="input"/>
    </net>
    <net code="35" name="unconnected-(U5-Pad02)">
      <node ref="U5" pin="02" pinfunction="02" pintype="input"/>
    </net>
    <net code="36" name="unconnected-(U5-Pad03)">
      <node ref="U5" pin="03" pinfunction="RXD" pintype="input"/>
    </net>
    <net code="37" name="unconnected-(U5-Pad04)">
      <node ref="U5" pin="04" pinfunction="04" pintype="input"/>
    </net>
    <net code="38" name="unconnected-(U5-Pad12)">
      <node ref="U5" pin="12" pinfunction="12" pintype="input"/>
    </net>
    <net code="39" name="unconnected-(U5-Pad14)">
      <node ref="U5" pin="14" pinfunction="14" pintype="input"/>
    </net>
    <net code="40" name="unconnected-(U5-Pad15)">
      <node ref="U5" pin="15" pinfunction="15" pintype="input"/>
    </net>
    <net code="41" name="unconnected-(U5-Pad25)">
      <node ref="U5" pin="25" pinfunction="25" pintype="input"/>
    </net>
    <net code="42" name="unconnected-(U5-Pad26)">
      <node ref="U5" pin="26" pinfunction="26" pintype="input"/>
    </net>
    <net code="43" name="unconnected-(U5-Pad27)">
      <node ref="U5" pin="27" pinfunction="27" pintype="input"/>
    </net>
    <net code="44" name="unconnected-(U5-Pad33)">
      <node ref="U5" pin="33" pinfunction="33" pintype="input"/>
    </net>
    <net code="45" name="unconnected-(U5-Pad34)">
      <node ref="U5" pin="34" pinfunction="34" pintype="input"/>
    </net>
    <net code="46" name="unconnected-(U5-Pad35)">
      <node ref="U5" pin="35" pinfunction="35" pintype="input"/>
    </net>
    <net code="47" name="unconnected-(U5-Pad36)">
      <node ref="U5" pin="36" pinfunction="36" pintype="input"/>
    </net>
    <net code="48" name="unconnected-(U5-Pad39)">
      <node ref="U5" pin="39" pinfunction="39" pintype="input"/>
    </net>
    <net code="49" name="unconnected-(U5-PadGND)">
      <node ref="U5" pin="GND" pinfunction="GND" pintype="input"/>
    </net>
    <net code="50" name="unconnected-(U5-PadRST)">
      <node ref="U5" pin="RST" pinfunction="RST" pintype="input"/>
    </net>
    <net code="51" name="unconnected-(U5-PadVBAT)">
      <node ref="U5" pin="VBAT" pinfunction="VBAT" pintype="input"/>
    </net>
    <net code="52" name="unconnected-(U5-PadVIN)">
      <node ref="U5" pin="VIN" pinfunction="VIN" pintype="input"/>
    </net>
    <net code="53" name="unconnected-(U6-Pad7)">
      <node ref="U6" pin="7" pinfunction="NC" pintype="input"/>
    </net>
    <net code="54" name="unconnected-(U7-Pad7)">
      <node ref="U7" pin="7" pinfunction="NC" pintype="input"/>
    </net>
  </nets>
</export>
